,fpr,tpr
0,0.0,0.0
1,0.0,0.016666666666666666
2,0.0,0.05
3,0.0,0.08333333333333333
4,0.0,0.9166666666666666
5,0.009009009009009009,0.9166666666666666
6,0.009009009009009009,0.9333333333333333
7,0.018018018018018018,0.9333333333333333
8,0.018018018018018018,0.9666666666666667
9,0.036036036036036036,0.9666666666666667
10,0.036036036036036036,0.9833333333333333
11,0.13513513513513514,0.9833333333333333
12,0.13513513513513514,1.0
13,1.0,1.0
