,fpr,tpr
0,0.0,0.0
1,0.0,0.016666666666666666
2,0.0,0.95
3,0.018018018018018018,0.95
4,0.018018018018018018,0.9833333333333333
5,0.10810810810810811,0.9833333333333333
6,0.10810810810810811,1.0
7,1.0,1.0
