,fpr,tpr
0,0.0,0.0
1,0.0,0.016666666666666666
2,0.0,0.9666666666666667
3,0.036036036036036036,0.9666666666666667
4,0.036036036036036036,0.9833333333333333
5,0.08108108108108109,0.9833333333333333
6,0.08108108108108109,1.0
7,1.0,1.0
